kanji,jp,zh
みなさんにとって癒しの時間はどんなことをしているときですか？,みなさんにとって癒しの時間はどんなことをしているときですか？,大家在休息時間的時候會做什麼？
癒しの時間というのは、ストレスがなくて安心できる時間、精神的な疲れやくるしいことを忘れさせてくれる時間のことです。,癒しの時間というのは、ストレスがなくて安心できる時間、精神的な疲れやくるしいことを忘れさせてくれる時間のことです。,療癒時間是一段沒有壓力、心情輕鬆的時間，也是一個可以忘記精神疲勞和煩惱的時間。
私の癒しの時間は本を読んでいるときと、寝る前にスマートフォンをみているときです。,私の癒しの時間は本を読んでいるときと、寝る前にスマートフォンをみているときです。,我的放鬆時間是睡前看書和看智慧型手機的時候。
私は小説が好きなので、小説を読んでいるときは、そのストーリ―の世界に自分がいるようなかんじがするので、とても集中できます。,私は小説が好きなので、小説を読んでいるときは、そのストーリ―の世界に自分がいるようなかんじがするので、とても集中できます。,我喜歡小說，所以當我看小說的時候，我感覺自己在故事的世界裡，所以我的注意力非常集中。
いやなことを忘れることができます。,いやなことを忘れることができます。,你可以忘記不愉快的事。
寝る前にスマホを見るのは、本当はよくないとわかっていますが、YouTubeで好きな動画をみたりすることは私にとって癒しの時間です。,寝る前にスマホを見るのは、本当はよくないとわかっていますが、YouTubeで好きな動画をみたりすることは私にとって癒しの時間です。,我知道睡前看手機其實不太好，但在 YouTube 上觀看我最喜歡的影片對我來說是一種放鬆的時間。
みなさんが少しでもいやなことを忘れられるような時間になるといいなぁと思いながら、私はPodcastを配信しています。,みなさんが少しでもいやなことを忘れられるような時間になるといいなぁと思いながら、私はPodcastを配信しています。,我發布這個Podcast，是希望大家能夠暫時忘記不愉快的事。
これは日本語で文章を考えてほしいという理由だけじゃなくて、私の質問を考えている間は、みなさんがいやなことや大変なことを忘れる時間にしてほしいという理由もあります。,これは日本語で文章を考えてほしいという理由だけじゃなくて、私の質問を考えている間は、みなさんがいやなことや大変なことを忘れる時間にしてほしいという理由もあります。,我之所以希望你們用日語想出句子，不僅僅是因為我需要一個日語句子，而且也因為在你們考慮我的問題的同時，我希望你們可以度過一段忘記不愉快或困難的時光。
いやなことがない人生なんてないと思います。,いやなことがない人生なんてないと思います。,我認為人生不可能沒有不愉快的事。
みんな悩みがあったり、辛いことがあります。,みんな悩みがあったり、辛いことがあります。,我們都有煩惱，都有困難。
私はいやなことがあると、ずっと、1日中そのことばかり考えてしまいます。,私はいやなことがあると、ずっと、1日中そのことばかり考えてしまいます。,當我遇到不愉快的事情時，我整天都會想這件事。
そしてどんどん気分が落ち込みます。嫌なことを考えないようにするためには、他の事を考えたり、自分にとって楽しいことをするほうがいいと思います。私はなかなかできないんですけどね。,そしてどんどん気分が落ち込みます。嫌なことを考えないようにするためには、他の事を考えたり、自分にとって楽しいことをするほうがいいと思います。私はなかなかできないんですけどね。,而且我的心情越來越鬱悶。 為了避免去想不愉快的事情，我認為最好去想其他的事情或做一些對你來說有趣的事情。 我只是不能輕易做到。
このPodcastはいろいろな国の人が聞いています。,このPodcastはいろいろな国の人が聞いています。,來自不同國家的人們都會收聽這個Podcast。
日本語を勉強してくれる人は私にとって全員大切な人です。,日本語を勉強してくれる人は私にとって全員大切な人です。,所有學習日語的人對我來說都很重要。
だからこれからも、みなさんが聞きたいと思えるようなPodcastを配信したいと思います。,だからこれからも、みなさんが聞きたいと思えるようなPodcastを配信したいと思います。,這就是為什麼我想繼續推出每個人都想聽的Podcast。